{
  "iteration": 1,
  "timestamp": "20251211_191544",
  "num_candidates": 1,
  "candidates": [
    {
      "id": 1,
      "waypoint": {
        "x": 0.3416666666666666,
        "y": 0.8,
        "z": -0.5333333333333332
      },
      "color": [
        255,
        0,
        0
      ]
    }
  ]
}