{
  "iteration": 1,
  "timestamp": "20251211_191525",
  "num_candidates": 2,
  "candidates": [
    {
      "id": 7,
      "waypoint": {
        "x": 0.09374999999999999,
        "y": 1.0,
        "z": 0.7777777777777777
      },
      "color": [
        255,
        128,
        0
      ]
    },
    {
      "id": 8,
      "waypoint": {
        "x": 0.18749999999999997,
        "y": 2.0,
        "z": 1.0
      },
      "color": [
        128,
        0,
        255
      ]
    }
  ]
}