{
  "iteration": 1,
  "timestamp": "20251211_191629",
  "num_candidates": 2,
  "candidates": [
    {
      "id": 5,
      "waypoint": {
        "x": -1.0312499999999998,
        "y": 1.5,
        "z": 0.9444444444444443
      },
      "color": [
        255,
        0,
        255
      ]
    },
    {
      "id": 6,
      "waypoint": {
        "x": -1.7187499999999998,
        "y": 2.5,
        "z": 1.0
      },
      "color": [
        0,
        255,
        255
      ]
    }
  ]
}