{
  "iteration": 1,
  "timestamp": "20251211_191605",
  "num_candidates": 1,
  "candidates": [
    {
      "id": 6,
      "waypoint": {
        "x": -1.4583333333333333,
        "y": 2.5,
        "z": 0.8796296296296295
      },
      "color": [
        0,
        255,
        255
      ]
    }
  ]
}