{
  "iteration": 1,
  "timestamp": "20251211_192938",
  "num_candidates": 1,
  "candidates": [
    {
      "id": 8,
      "waypoint": {
        "x": 0.6041666666666665,
        "y": 2.0,
        "z": 0.8888888888888887
      },
      "color": [
        128,
        0,
        255
      ]
    }
  ]
}