{
  "iteration": 1,
  "timestamp": "20251211_193113",
  "num_candidates": 1,
  "candidates": [
    {
      "id": 1,
      "waypoint": {
        "x": -0.5083333333333332,
        "y": 0.8,
        "z": 0.1333333333333333
      },
      "color": [
        255,
        0,
        0
      ]
    }
  ]
}