{
  "iteration": 1,
  "timestamp": "20251211_193027",
  "num_candidates": 1,
  "candidates": [
    {
      "id": 3,
      "waypoint": {
        "x": -1.5885416666666663,
        "y": 2.5,
        "z": 0.648148148148148
      },
      "color": [
        0,
        0,
        255
      ]
    }
  ]
}